id;name;email;phone;year;reg_no;role;configs;created_by;created_on;last_updated_by;last_updated_on
1;Tennessee Heights deliver;Carey_Morar60@gmail.com;(417) 354-8542 x80079;Utah reintermediate Vietnam;Delaware Loan;USER;Administrator;grey SMTP;Infrastructure Granite;Delaware;Wooden hardware
2;monitor technologies channels;Devonte_Muller71@yahoo.com;(218) 387-6705 x11490;Kids;streamline;ADMIN;Pizza;Garden input quantify;primary Centralized;virtual;function
3;feed empowering;Sam.Kautzer@gmail.com;(400) 947-3072;EXE redundant hack;Colombia Designer;USER;Shoes Union Money;Cotton Berkshire;Cambridgeshire Cotton;indexing coherent;Facilitator
4;up Iowa;Eleanore3@hotmail.com;(490) 319-9606;seamless;functionalities Illinois Incredible;USER;niches;Rapids Dinar programming;program SDD Zambia;applications Isle applications;Orchestrator
5;Licensed multi-tasking;Adelbert94@hotmail.com;(764) 481-4529;Universal Wooden connecting;enable Directives;ADMIN;compelling Colon;niches;invoice;panel Buckinghamshire Principal;multi-byte
6;Advanced Gloves Reverse-engineered;Amiya70@gmail.com;732.369.7150;deposit Profound HTTP;Lead Representative;USER;GB;Soft Soft;Ergonomic;Uzbekistan IB;grey administration Producer
7;Home Soft experiences;Merlin_Kuphal@yahoo.com;(410) 412-4904;Rapid synthesize;Grass-roots connect Health;ADMIN;Gourde Iowa;withdrawal;Louisiana;Chips Investment;Music real-time multi-byte
8;Soft Fantastic Surinam;Aron20@gmail.com;543.787.2037;Gloves cross-platform;interfaces Metal Prairie;ADMIN;transmit;protocol Forward Operations;Bahamas;RSS Wooden Leone;District Incredible
9;Fresh optical;Asha.Mohr14@yahoo.com;525-614-1386 x332;bleeding-edge;generate integrated;USER;Loan;Chief;Implemented bandwidth Licensed;deposit;open
10;local CSS;Bobby_Cartwright@gmail.com;298-958-4808;Associate;lime Italy Pizza;USER;connect invoice;Bedfordshire metrics;Ergonomic policy;optical;Computers program
