id;product_id;code;subscriber_id;receipt_id;order_id;phone;amount;currency;paybill;trx_id;trx_end_time;trx_start_time;status;status_reason;configs;created_by;last_updated_on;last_updted_by
1;Soap killer;haptic;Checking;Wooden;wireless Buckinghamshire;1-234-447-3711 x7995;Accountability;Avon;Wooden Wooden syndicate;Swedish Berkshire;Pre-emptive transmit Multi-channelled;Gorgeous;target Accountability;compressing Vermont;viral;Interactions;Usability indigo;fuchsia Guilder Nuevo
2;Table Rubber Monitored;SDD capacitor;Azerbaijan payment New;Illinois and;connecting;698-728-7097 x7879;Borders deposit;South hour;Supervisor Alaska Brunei;alarm synthesize;methodology silver;Car Utah;Administrator Russian pixel;user-centric Salad;Handmade reboot;Metical;Handcrafted;Soap
3;overriding;payment rich;magenta Loan Sleek;3rd online teal;orchid synthesizing;1-559-556-8025 x4232;bandwidth Computer;circuit;Gloves Polarised client-driven;navigating engineer;transmitting card application;Tactics Multi-lateral;Specialist;hybrid;auxiliary empowering;Baby Berkshire;navigating Wall;Account ivory
4;enhance array;invoice;mobile indexing;Clothing invoice analyzing;Account Business-focused Executive;1-482-970-0399;COM Kids Alaska;Books;Mozambique Gloves;Soap;Gorgeous THX;bandwidth;Accountability drive Fully-configurable;Human Concrete grow;Assistant;tangible hack cross-platform;Springs multi-tasking;local
5;Markets user-centric;Avon;Delaware;Connecticut;override;(415) 813-8440;Soap Fundamental quantifying;HDD Oklahoma;Wooden;auxiliary;parsing quantifying;Architect;Georgia;Malawi multi-byte;toolset;administration Intelligent Investor;Metrics HTTP;Dollar
6;Intuitive deposit;payment;generate;Web;Computer Tennessee;359.661.9222;Re-contextualized Intranet;Intelligent Idaho;Incredible transmitter grow;technologies;Research;Account Electronics quantify;Romania;Montana foreground channels;Plastic fuchsia Fantastic;Cross-group functionalities;input Planner;Pound Advanced Licensed
7;California mobile reboot;red panel rich;override Shirt Borders;input bluetooth cross-platform;Gloves;1-448-522-4294 x04623;Berkshire interface;Dong Director Jamaica;orchestrate invoice challenge;Niger orange SMS;Designer Kong;Frozen;Auto Wallis;navigate;Bolivia generate;Arabia;Chips optimizing yellow;function grey
8;navigating Avon Wooden;United;Alabama zero;web;Buckinghamshire Metal Venezuela;1-425-876-6591;Wooden Chips Legacy;quantify deliverables;GB bluetooth users;Brand;algorithm solutions;Hat solutions;Industrial;empower;Streamlined Intelligent;capacity withdrawal Creative;tan generating Branding;Virginia Developer
9;Pants Borders programming;Streamlined interface haptic;withdrawal;integrate;Borders connect;1-575-204-2764 x829;primary e-business;Bacon;Plastic back-end;deposit;compress Island customized;Pike architect gold;Director Loan;digital Licensed;Wisconsin;challenge Chips;1080p;Causeway Chief
10;Canada Consultant turquoise;SDD;Mariana Gorgeous;Real Incredible;Music;564.583.4950;e-commerce Florida mobile;Tuna Product tan;Mouse Investor;Falls Electronics;blockchains;Forward Bike;clear-thinking attitude-oriented;user-centric Incredible content;Sol Bacon Avon;Assurance Tuna;Niger;IB
